{
    "commented": {
        "em": 0.0,
        "em_trim": 0.0,
        "bleu": 8.340250628475058,
        "bleu_trim": 77.93369225485453
    }
}