{
    "commented": {
        "comment": {
            "em": 0.0,
            "em_trim": 0.0,
            "bleu": 70.46545958561445,
            "bleu_trim": 81.04183060515885
        },
        "inline": {
            "em": 0.0,
            "em_trim": 0.0,
            "bleu": 71.24976052429807,
            "bleu_trim": 82.29255793394455
        },
        "multiline": {
            "em": 0.0,
            "em_trim": 0.0,
            "bleu": 66.00550523653084,
            "bleu_trim": 76.06488718736226
        }
    },
    "comments_removed": {
        "comment": {
            "em": 0.0,
            "em_trim": 0.0,
            "bleu": 57.532034296967375,
            "bleu_trim": 62.89942731785783
        },
        "inline": {
            "em": 0.0,
            "em_trim": 0.0,
            "bleu": 60.669657156896974,
            "bleu_trim": 67.39290198323245
        },
        "multiline": {
            "em": 0.0,
            "em_trim": 0.0,
            "bleu": 44.87688124217514,
            "bleu_trim": 45.84602756412552
        }
    }
}