{
    "commented": {
        "em": 0.0,
        "em_trim": 0.0,
        "bleu": 70.46545958561441,
        "bleu_trim": 81.04183060515889
    },
    "comments_removed": {
        "em": 0.0,
        "em_trim": 0.0,
        "bleu": 57.532034296967375,
        "bleu_trim": 62.899427317857835
    }
}