{
    "commented": {
        "em": 0.0,
        "em_trim": 0.0,
        "bleu": 45.895433606032164,
        "bleu_trim": 81.8462211053591
    }
}