,comment,inline,multiline,javadoc
combined,"{'code summarization': 0.6337689301424836, 'code translation': 0.5778293685263824, 'test generation': 0.5479793436062861, 'code completion': 0.5498004425313419, 'fault localization': 0.6184429139477075, 'program repair': 0.6004911626190853, 'vulnerability detection': 0.6357323979210803, 'code review': 0.6468169103769731, 'code refactoring': 0.5838489787820702, 'code documentation': 0.5759618021884185}","{'code summarization': 0.6441032665611243, 'code translation': 0.4948034858650232, 'test generation': 0.3827445088919773, 'code completion': 0.3618830381782612, 'fault localization': 0.5097933329991795, 'program repair': 0.3912107023641844, 'vulnerability detection': 0.496712203660225, 'code review': 0.38137309002089737, 'code refactoring': 0.3731067996882951, 'code documentation': 0.38399723115397055}","{'code summarization': 0.5125083169876874, 'code translation': 0.21548944272166065, 'test generation': 0.28503575645378987, 'code completion': 0.20080743492216707, 'fault localization': 0.20899210472108082, 'program repair': 0.15618744964562128, 'vulnerability detection': 0.38357972345383523, 'code review': 0.22990707804604507, 'code refactoring': 0.2102532612725606, 'code documentation': 0.17865001322982513}","{'code summarization': 0.4683144271686714, 'code translation': 0.33788263096101767, 'test generation': 0.3440438918843415, 'code completion': 0.4011940918377952, 'fault localization': 0.4382800003807175, 'program repair': 0.3795971426341197, 'vulnerability detection': 0.4278209264564178, 'code review': 0.41332547713360124, 'code refactoring': 0.3587221658618112, 'code documentation': 0.3509786757640938}"
