{
    "commented": {
        "comment": {
            "em": 0.012345679012345678,
            "em_trim": 0.012345679012345678,
            "bleu": 72.8939545312419,
            "bleu_trim": 77.81270844746987
        },
        "inline": {
            "em": 0.017543859649122806,
            "em_trim": 0.017543859649122806,
            "bleu": 73.79815793639135,
            "bleu_trim": 77.82188961348702
        },
        "multiline": {
            "em": 0.0,
            "em_trim": 0.0,
            "bleu": 70.57046112480684,
            "bleu_trim": 72.44262066164366
        }
    },
    "comments_removed": {
        "comment": {
            "em": 0.0,
            "em_trim": 0.0,
            "bleu": 59.82151016380471,
            "bleu_trim": 61.04908089380202
        },
        "inline": {
            "em": 0.0,
            "em_trim": 0.0,
            "bleu": 62.214501416888275,
            "bleu_trim": 63.637573911055135
        },
        "multiline": {
            "em": 0.0,
            "em_trim": 0.0,
            "bleu": 47.683833361757365,
            "bleu_trim": 46.75496074254252
        }
    }
}