{
    "commented": {
        "em": 0.012345679012345678,
        "em_trim": 0.012345679012345678,
        "bleu": 72.89395453124189,
        "bleu_trim": 77.8127084474699
    },
    "comments_removed": {
        "em": 0.0,
        "em_trim": 0.0,
        "bleu": 59.82151016380469,
        "bleu_trim": 61.049080893802035
    }
}