{
    "commented": {
        "em": 0.0,
        "em_trim": 0.0,
        "bleu": 59.94869244545977,
        "bleu_trim": 75.89714142151742
    }
}