{
    "commented": {
        "em": 0.0,
        "em_trim": 0.0,
        "bleu": 45.46513899124705,
        "bleu_trim": 82.34190994626793
    }
}