{
    "commented": {
        "em": 0.0,
        "em_trim": 0.0,
        "bleu": 65.63345457311124,
        "bleu_trim": 78.45241911890669
    }
}