{
    "commented": {
        "em": 0.0,
        "em_trim": 0.0,
        "bleu": 66.9461944835434,
        "bleu_trim": 80.63531221951918
    }
}