{
    "commented": {
        "em": 0.0,
        "em_trim": 0.0,
        "bleu": 44.89869455419543,
        "bleu_trim": 82.37476542536031
    }
}