{
    "commented": {
        "em": 0.0,
        "em_trim": 0.0,
        "bleu": 44.684605603913155,
        "bleu_trim": 82.62288460997776
    }
}