{
    "commented": {
        "em": 0.0,
        "em_trim": 0.0,
        "bleu": 8.137887464754018,
        "bleu_trim": 79.08680297730578
    }
}