{
    "commented": {
        "comment": {
            "em": 0.24691358024691357,
            "em_trim": 0.37037037037037035,
            "bleu": 82.76610153451749,
            "bleu_trim": 86.69870078144265
        },
        "inline": {
            "em": 0.2807017543859649,
            "em_trim": 0.40350877192982454,
            "bleu": 83.51358870955323,
            "bleu_trim": 86.80223008731312
        },
        "multiline": {
            "em": 0.13333333333333333,
            "em_trim": 0.26666666666666666,
            "bleu": 80.35052820517555,
            "bleu_trim": 85.71367342737865
        }
    },
    "comments_removed": {
        "comment": {
            "em": 0.0,
            "em_trim": 0.0,
            "bleu": 62.92969408121087,
            "bleu_trim": 64.70947801018721
        },
        "inline": {
            "em": 0.0,
            "em_trim": 0.0,
            "bleu": 66.3237099933603,
            "bleu_trim": 67.72374021715724
        },
        "multiline": {
            "em": 0.0,
            "em_trim": 0.0,
            "bleu": 47.19154318545035,
            "bleu_trim": 46.973936790005716
        }
    }
}