{
    "commented": {
        "em": 0.24691358024691357,
        "em_trim": 0.37037037037037035,
        "bleu": 82.76610153451747,
        "bleu_trim": 86.69870078144261
    },
    "comments_removed": {
        "em": 0.0,
        "em_trim": 0.0,
        "bleu": 62.92969408121087,
        "bleu_trim": 64.70947801018725
    }
}