{
    "commented": {
        "em": 0.0,
        "em_trim": 0.0,
        "bleu": 44.791965116249386,
        "bleu_trim": 81.93567268460467
    }
}