{
    "commented": {
        "em": 0.0,
        "em_trim": 0.0,
        "bleu": 66.49141425224722,
        "bleu_trim": 81.12899832833148
    }
}