{
    "commented": {
        "em": 0.0,
        "em_trim": 0.0,
        "bleu": 6.8953391651104035,
        "bleu_trim": 82.22668126727349
    }
}