{
    "commented": {
        "em": 0.0,
        "em_trim": 0.0,
        "bleu": 67.88168606572667,
        "bleu_trim": 81.63468218264474
    }
}