{
    "commented": {
        "em": 0.0,
        "em_trim": 0.0,
        "bleu": 68.60540406003584,
        "bleu_trim": 82.26420112824071
    }
}