{
    "commented": {
        "em": 0.0,
        "em_trim": 0.0,
        "bleu": 40.45955963474172,
        "bleu_trim": 77.26469115923061
    }
}